,# Instances test set,Misclassified count,Misclassified ratio
Web Attack,2180,2082,0.955045871559633
Bot,1966,1852,0.9420142421159715
PortScan,158930,82059,0.516321651041339
SSH-Patator,5897,2949,0.5000847888756995
FTP-Patator,7938,3824,0.4817334341143865
BENIGN,1136374,242366,0.21328013488516984
DDoS,128027,26747,0.20891686909792465
DoS,252658,37586,0.1487623586033294
Infiltration,36,3,0.08333333333333333
Heartbleed,11,0,0.0
