,# Instances test set,Misclassified count,Misclassified ratio,Accuracy
Web Attack,928,342,0.36853448275862066,0.6314655172413793
Benign,3371173,1395587,0.41397667814733924,0.5860233218526607
Bot,286191,142975,0.49957895251772416,0.5004210474822759
SSH-Bruteforce,187589,93741,0.4997148020406314,0.5002851979593685
DDoS,1263933,667637,0.5282218282139955,0.47177817178600445
Infiltration,161934,87354,0.5394419948868058,0.4605580051131942
DoS,654300,459233,0.701869173162158,0.298130826837842
FTP-BruteForce,193360,0,0.0,0.0
