,# Instances test set,Misclassified count,Misclassified ratio,Accuracy
Bot,286191,445,0.0015549056399397606,0.9984450943600602
Web Attack,928,225,0.24245689655172414,0.7575431034482758
DoS,654300,186688,0.28532477456824085,0.7146752254317592
Benign,3371173,1025763,0.3042748028653528,0.6957251971346472
DDoS,1263933,551836,0.43660225660695623,0.5633977433930437
SSH-Bruteforce,187589,93838,0.5002318899295801,0.4997681100704199
FTP-BruteForce,193360,129024,0.6672734795200662,0.3327265204799338
Infiltration,161934,119398,0.7373250830585301,0.26267491694146994
