,# Instances test set,Misclassified count,Misclassified ratio
PortScan,158930,157277,0.989599194613981
Bot,1966,1874,0.953204476093591
Web Attack,2180,2058,0.9440366972477064
FTP-Patator,7938,4475,0.5637440161249685
SSH-Patator,5897,2955,0.5011022553840936
DDoS,128027,30107,0.23516133315628734
DoS,252658,40833,0.1616137228981469
BENIGN,1136374,163438,0.1438241283239497
Infiltration,36,4,0.1111111111111111
Heartbleed,11,0,0.0
