,# Instances test set,Misclassified count,Misclassified ratio
Web Attack,566,283,0.5
Bot,286191,114442,0.39987980055277766
Benign,4943560,1085802,0.2196396928529238
DDoS,287289,43660,0.15197240409483134
DoS,601802,90559,0.15047972588991063
