,# Instances test set,Misclassified count,Misclassified ratio
FTP-Patator,7938,7938,1.0
Heartbleed,11,11,1.0
SSH-Patator,5897,5878,0.9967780227234186
Web Attack,2180,2171,0.9958715596330275
DDoS,128027,119539,0.9337014848430409
Bot,1966,1476,0.7507629704984741
Infiltration,36,27,0.75
DoS,252658,139192,0.5509107172541539
BENIGN,1136374,202155,0.1778947775996283
PortScan,158930,7068,0.044472409236770906
