,# Instances test set,Misclassified count,Misclassified ratio,Accuracy
DoS,654300,17,2.5981965459269447e-05,0.9999740180345408
Benign,3371173,798266,0.23679176357902723,0.7632082364209728
Web Attack,928,321,0.3459051724137931,0.6540948275862069
DDoS,1263933,474223,0.3751963118298201,0.62480368817018
Infiltration,161934,96671,0.5969777810713006,0.4030222189286994
Bot,286191,282637,0.9875817199003463,0.012418280099653733
FTP-BruteForce,193360,0,0.0,0.0
SSH-Bruteforce,187589,0,0.0,0.0
