,# Instances test set,Misclassified count,Misclassified ratio
SSH-Patator,5897,5892,0.999152111243005
Bot,1966,1874,0.953204476093591
FTP-Patator,7938,5032,0.6339128243890149
PortScan,158930,77712,0.4889699867866356
Web Attack,2180,939,0.4307339449541284
DDoS,128027,30293,0.2366141517023753
BENIGN,1136374,218770,0.1925158442555004
DoS,252658,37990,0.15036135804130485
Infiltration,36,4,0.1111111111111111
Heartbleed,11,0,0.0
