,# Instances test set,Misclassified count,Misclassified ratio
SSH-Patator,5897,5892,0.999152111243005
FTP-Patator,7938,7786,0.980851599899219
Bot,1966,1874,0.953204476093591
PortScan,158930,77731,0.4890895362738312
Web Attack,2180,748,0.3431192660550459
DDoS,128027,34367,0.26843556437314003
BENIGN,1136374,201070,0.17693998630732488
DoS,252658,38027,0.15050780105913922
Infiltration,36,4,0.1111111111111111
Heartbleed,11,0,0.0
