,# Instances test set,Misclassified count,Misclassified ratio
PortScan,158930,157104,0.9885106650726735
Web Attack,2180,2154,0.9880733944954129
FTP-Patator,7938,7786,0.980851599899219
Bot,1966,1874,0.953204476093591
SSH-Patator,5897,4859,0.823978294047821
BENIGN,1136374,188122,0.16554585022184598
DoS,252658,39697,0.1571175264586912
Infiltration,36,4,0.1111111111111111
DDoS,128027,10441,0.0815531098908824
Heartbleed,11,0,0.0
