,# Instances test set,Misclassified count,Misclassified ratio
Bot,1966,1906,0.9694811800610377
Web Attack,2180,2004,0.9192660550458716
SSH-Patator,5897,2953,0.5007630998812955
FTP-Patator,7938,3934,0.49559082892416223
PortScan,158930,78034,0.49099603599068775
DoS,252658,67201,0.2659761416618512
DDoS,128027,15949,0.12457528490084123
BENIGN,1136374,135196,0.11897139498087778
Infiltration,36,4,0.1111111111111111
Heartbleed,11,0,0.0
