,# Instances test set,Misclassified count,Misclassified ratio
SSH-Patator,5897,5892,0.999152111243005
FTP-Patator,7938,7786,0.980851599899219
Bot,1966,1874,0.953204476093591
Web Attack,2180,1083,0.49678899082568806
PortScan,158930,76911,0.48393003208959917
DDoS,128027,34867,0.27234099057230116
BENIGN,1136374,187557,0.16504865475626862
DoS,252658,38143,0.15096691970964704
Infiltration,36,4,0.1111111111111111
Heartbleed,11,0,0.0
