,# Instances test set,Misclassified count,Misclassified ratio
SSH-Patator,5897,5873,0.9959301339664236
Bot,1966,1379,0.7014242115971516
FTP-Patator,7938,3812,0.4802217183169564
PortScan,158930,72323,0.45506197697099354
DDoS,128027,27039,0.21119763799823474
BENIGN,1136374,233390,0.20538132692229846
DoS,252658,37998,0.15039302139651228
Web Attack,2180,262,0.12018348623853212
Infiltration,36,3,0.08333333333333333
Heartbleed,11,0,0.0
