,# Instances test set,Misclassified count,Misclassified ratio
SSH-Patator,5897,5889,0.9986433779888079
FTP-Patator,7938,7835,0.9870244394053918
Web Attack,2180,2075,0.9518348623853211
Bot,1966,1854,0.943031536113937
PortScan,158930,78016,0.49088277858176554
DoS,252658,72053,0.28517996659516026
BENIGN,1136374,172471,0.15177309582936604
Infiltration,36,3,0.08333333333333333
DDoS,128027,7312,0.057112952736532135
Heartbleed,11,0,0.0
