,# Instances test set,Misclassified count,Misclassified ratio
SSH-Patator,5897,5855,0.9928777344412413
DDoS,128027,106668,0.8331680036242355
FTP-Patator,7938,4652,0.5860418241370622
DoS,252658,103681,0.41036104140775276
Bot,1966,806,0.40996948118006105
Infiltration,36,13,0.3611111111111111
Heartbleed,11,2,0.18181818181818182
Web Attack,2180,356,0.163302752293578
BENIGN,1136374,181988,0.1601479794504274
PortScan,158930,4506,0.02835210470018247
