,# Instances test set,Misclassified count,Misclassified ratio
Bot,1966,1843,0.9374364191251272
Web Attack,2180,2011,0.9224770642201835
PortScan,158930,98583,0.6202919524318883
SSH-Patator,5897,2952,0.5005935221298966
FTP-Patator,7938,3874,0.48803224993701183
BENIGN,1136374,252593,0.22227981280810719
DoS,252658,37276,0.14753540358904133
DDoS,128027,18726,0.14626602201098207
Infiltration,36,4,0.1111111111111111
Heartbleed,11,0,0.0
