,# Instances test set,Misclassified count,Misclassified ratio
Heartbleed,11,11,1.0
Infiltration,36,35,0.9722222222222222
DoS,252658,230291,0.911473216759414
DDoS,128027,103953,0.8119615393627907
FTP-Patator,7938,3964,0.4993701184177375
SSH-Patator,5897,2920,0.495167034085128
Bot,1966,780,0.3967446592065107
BENIGN,1136374,427067,0.375815532562343
Web Attack,2180,191,0.08761467889908257
PortScan,158930,215,0.00135279682879255
