,# Instances test set,Misclassified count,Misclassified ratio,Accuracy
SSH-Bruteforce,187589,10,5.3308029788527044e-05,0.9999466919702115
DoS,654300,35288,0.0539324468898059,0.9460675531101941
Benign,3371173,880544,0.2611981052292481,0.738801894770752
FTP-BruteForce,193360,64342,0.33275755068266444,0.6672424493173356
DDoS,1263933,555832,0.43976381659470876,0.5602361834052912
Web Attack,928,461,0.49676724137931033,0.5032327586206897
Bot,286191,159572,0.5575716916325112,0.4424283083674888
Infiltration,161934,120586,0.7446614052638729,0.2553385947361271
