,# Instances test set,Misclassified count,Misclassified ratio,Accuracy
Web Attack,928,337,0.36314655172413796,0.6368534482758621
Benign,3371173,1346787,0.39950100454648874,0.6004989954535113
DoS,654300,297913,0.45531560446278463,0.5446843955372154
DDoS,1263933,629214,0.49782227380723504,0.5021777261927649
SSH-Bruteforce,187589,93839,0.5002372207325589,0.49976277926744106
Bot,286191,143169,0.5002568214933384,0.4997431785066616
FTP-BruteForce,193360,129024,0.6672734795200662,0.3327265204799338
Infiltration,161934,108806,0.6719157187496141,0.3280842812503859
