,# Instances test set,Misclassified count,Misclassified ratio
Bot,1966,1869,0.9506612410986776
SSH-Patator,5897,4882,0.8278785823299983
PortScan,158930,77864,0.4899263826842006
FTP-Patator,7938,3825,0.481859410430839
Web Attack,2180,961,0.4408256880733945
DDoS,128027,25765,0.20124661204277222
BENIGN,1136374,219000,0.19271824240962923
DoS,252658,37951,0.1502069991846686
Infiltration,36,4,0.1111111111111111
Heartbleed,11,0,0.0
