,# Instances test set,Misclassified count,Misclassified ratio,Accuracy
DoS,654300,183393,0.2802888583218707,0.7197111416781292
SSH-Bruteforce,187589,93848,0.5002851979593687,0.49971480204063135
Infiltration,161934,85310,0.5268195684661652,0.4731804315338348
Benign,3371173,1795723,0.5326700824905752,0.46732991750942476
DDoS,1263933,1008747,0.7981016398812278,0.20189836011877216
Web Attack,928,771,0.8308189655172413,0.16918103448275867
Bot,286191,285936,0.9991089866557649,0.0008910133442351365
FTP-BruteForce,193360,193360,1.0,0.0
