,# Instances test set,Misclassified count,Misclassified ratio
Bot,1966,1868,0.9501525940996948
SSH-Patator,5897,5368,0.9102933695099203
FTP-Patator,7938,3892,0.49029982363315694
PortScan,158930,46679,0.29370792172654625
DoS,252658,59351,0.23490647436455603
BENIGN,1136374,217226,0.19115713664691378
Web Attack,2180,262,0.12018348623853212
DDoS,128027,14835,0.11587399532911026
Infiltration,36,4,0.1111111111111111
Heartbleed,11,0,0.0
