,# Instances test set,Misclassified count,Misclassified ratio
DDoS,128027,120466,0.9409421450162856
Infiltration,36,31,0.8611111111111112
DoS,252658,180015,0.7124848609582914
Heartbleed,11,7,0.6363636363636364
FTP-Patator,7938,3964,0.4993701184177375
SSH-Patator,5897,2920,0.495167034085128
Bot,1966,784,0.3987792472024415
BENIGN,1136374,393484,0.3462627620836098
Web Attack,2180,216,0.09908256880733946
PortScan,158930,372,0.0023406531177247846
