,# Instances test set,Misclassified count,Misclassified ratio,Accuracy
DoS,654300,10122,0.015469967904630903,0.984530032095369
Benign,3371173,1215481,0.3605513570499052,0.6394486429500947
Bot,286191,146202,0.5108546390347705,0.48914536096522954
Web Attack,928,539,0.5808189655172413,0.4191810344827587
Infiltration,161934,105675,0.6525806810181926,0.34741931898180745
DDoS,1263933,945518,0.7480760451701158,0.25192395482988417
FTP-BruteForce,193360,0,0.0,0.0
SSH-Bruteforce,187589,0,0.0,0.0
