,# Instances test set,Misclassified count,Misclassified ratio,Accuracy
FTP-BruteForce,193360,33728,0.17443111294993793,0.825568887050062
SSH-Bruteforce,187589,58132,0.30989023876666544,0.6901097612333346
Benign,3371173,1283530,0.38073691264138626,0.6192630873586138
DoS,654300,277854,0.4246584135717561,0.5753415864282438
Bot,286191,126870,0.4433053450318144,0.5566946549681856
Web Attack,928,427,0.46012931034482757,0.5398706896551724
DDoS,1263933,739965,0.5854463804647873,0.41455361953521275
Infiltration,160926,101586,0.6312590880280378,0.36874091197196224
